timestamp,ix,iy,x_target_um,y_target_um,x_read_um,y_read_um,file
2026-04-19T13:35:10.156,0,0,3900.000,5100.000,3904.916,5105.540,D:\Data\2026-4-19\Image_2026-4-19_Img0123.txt
2026-04-19T13:35:26.911,0,1,3900.000,5037.931,3905.236,5046.129,D:\Data\2026-4-19\Image_2026-4-19_Img0124.txt
2026-04-19T13:35:43.907,0,2,3900.000,4975.862,3904.552,4985.900,D:\Data\2026-4-19\Image_2026-4-19_Img0125.txt
2026-04-19T13:35:59.472,0,3,3900.000,4913.793,3901.988,4920.842,D:\Data\2026-4-19\Image_2026-4-19_Img0126.txt
2026-04-19T13:36:14.383,0,4,3900.000,4851.724,3904.739,4883.565,D:\Data\2026-4-19\Image_2026-4-19_Img0127.txt
2026-04-19T13:36:30.813,0,5,3900.000,4789.655,3905.059,4801.982,D:\Data\2026-4-19\Image_2026-4-19_Img0128.txt
2026-04-19T13:36:45.321,0,6,3900.000,4727.586,3905.071,4750.841,D:\Data\2026-4-19\Image_2026-4-19_Img0129.txt
2026-04-19T13:37:00.466,0,7,3900.000,4665.517,3905.165,4709.127,D:\Data\2026-4-19\Image_2026-4-19_Img0130.txt
2026-04-19T13:37:18.461,0,8,3900.000,4603.448,3904.725,4613.809,D:\Data\2026-4-19\Image_2026-4-19_Img0131.txt
2026-04-19T13:37:36.521,0,9,3900.000,4541.379,3902.835,4559.103,D:\Data\2026-4-19\Image_2026-4-19_Img0132.txt
2026-04-19T13:37:52.304,0,10,3900.000,4479.310,3901.451,4486.868,D:\Data\2026-4-19\Image_2026-4-19_Img0133.txt
2026-04-19T13:38:08.683,0,11,3900.000,4417.241,3900.354,4439.060,D:\Data\2026-4-19\Image_2026-4-19_Img0134.txt
2026-04-19T13:38:23.515,0,12,3900.000,4355.172,3904.826,4374.630,D:\Data\2026-4-19\Image_2026-4-19_Img0135.txt
2026-04-19T13:38:40.230,0,13,3900.000,4293.103,3905.263,4310.799,D:\Data\2026-4-19\Image_2026-4-19_Img0136.txt
2026-04-19T13:38:57.847,0,14,3900.000,4231.034,3902.880,4245.394,D:\Data\2026-4-19\Image_2026-4-19_Img0137.txt
2026-04-19T13:39:13.062,0,15,3900.000,4168.966,3904.889,4187.548,D:\Data\2026-4-19\Image_2026-4-19_Img0138.txt
2026-04-19T13:39:29.451,0,16,3900.000,4106.897,3905.079,4116.943,D:\Data\2026-4-19\Image_2026-4-19_Img0139.txt
2026-04-19T13:39:46.028,0,17,3900.000,4044.828,3905.502,4076.375,D:\Data\2026-4-19\Image_2026-4-19_Img0140.txt
2026-04-19T13:40:02.667,0,18,3900.000,3982.759,3905.633,3995.893,D:\Data\2026-4-19\Image_2026-4-19_Img0141.txt
2026-04-19T13:40:19.873,0,19,3900.000,3920.690,3905.520,3938.720,D:\Data\2026-4-19\Image_2026-4-19_Img0142.txt
2026-04-19T13:40:35.042,0,20,3900.000,3858.621,3905.677,3872.041,D:\Data\2026-4-19\Image_2026-4-19_Img0143.txt
2026-04-19T13:40:53.285,0,21,3900.000,3796.552,3904.591,3809.162,D:\Data\2026-4-19\Image_2026-4-19_Img0144.txt
2026-04-19T13:41:08.919,0,22,3900.000,3734.483,3905.293,3745.520,D:\Data\2026-4-19\Image_2026-4-19_Img0145.txt
2026-04-19T13:41:25.228,0,23,3900.000,3672.414,3904.598,3696.895,D:\Data\2026-4-19\Image_2026-4-19_Img0146.txt
2026-04-19T13:41:42.871,0,24,3900.000,3610.345,3904.920,3620.549,D:\Data\2026-4-19\Image_2026-4-19_Img0147.txt
2026-04-19T13:42:00.238,0,25,3900.000,3548.276,3904.888,3556.990,D:\Data\2026-4-19\Image_2026-4-19_Img0148.txt
2026-04-19T13:42:17.422,0,26,3900.000,3486.207,3904.751,3493.966,D:\Data\2026-4-19\Image_2026-4-19_Img0149.txt
2026-04-19T13:42:33.439,0,27,3900.000,3424.138,3904.995,3440.740,D:\Data\2026-4-19\Image_2026-4-19_Img0150.txt
2026-04-19T13:42:49.240,0,28,3900.000,3362.069,3904.948,3380.661,D:\Data\2026-4-19\Image_2026-4-19_Img0151.txt
2026-04-19T13:43:06.024,0,29,3900.000,3300.000,3904.743,3314.693,D:\Data\2026-4-19\Image_2026-4-19_Img0152.txt
2026-04-19T13:43:24.963,1,29,3970.000,3300.000,3960.989,3309.902,D:\Data\2026-4-19\Image_2026-4-19_Img0153.txt
2026-04-19T13:43:42.828,1,28,3970.000,3362.069,3959.749,3346.952,D:\Data\2026-4-19\Image_2026-4-19_Img0154.txt
2026-04-19T13:43:58.614,1,27,3970.000,3424.138,3959.703,3411.433,D:\Data\2026-4-19\Image_2026-4-19_Img0155.txt
2026-04-19T13:44:16.415,1,26,3970.000,3486.207,3958.809,3473.629,D:\Data\2026-4-19\Image_2026-4-19_Img0156.txt
2026-04-19T13:44:31.773,1,25,3970.000,3548.276,3960.186,3528.999,D:\Data\2026-4-19\Image_2026-4-19_Img0157.txt
2026-04-19T13:44:47.568,1,24,3970.000,3610.345,3958.984,3583.984,D:\Data\2026-4-19\Image_2026-4-19_Img0158.txt
2026-04-19T13:45:02.976,1,23,3970.000,3672.414,3958.830,3649.071,D:\Data\2026-4-19\Image_2026-4-19_Img0159.txt
2026-04-19T13:45:20.131,1,22,3970.000,3734.483,3959.315,3725.015,D:\Data\2026-4-19\Image_2026-4-19_Img0160.txt
2026-04-19T13:45:35.978,1,21,3970.000,3796.552,3958.319,3774.414,D:\Data\2026-4-19\Image_2026-4-19_Img0161.txt
2026-04-19T13:45:52.758,1,20,3970.000,3858.621,3958.831,3856.146,D:\Data\2026-4-19\Image_2026-4-19_Img0162.txt
2026-04-19T13:46:08.995,1,19,3970.000,3920.690,3958.460,3906.311,D:\Data\2026-4-19\Image_2026-4-19_Img0163.txt
2026-04-19T13:46:24.952,1,18,3970.000,3982.759,3958.748,3965.599,D:\Data\2026-4-19\Image_2026-4-19_Img0164.txt
2026-04-19T13:46:41.571,1,17,3970.000,4044.828,3958.647,4039.099,D:\Data\2026-4-19\Image_2026-4-19_Img0165.txt
2026-04-19T13:46:58.560,1,16,3970.000,4106.897,3958.950,4102.864,D:\Data\2026-4-19\Image_2026-4-19_Img0166.txt
2026-04-19T13:47:14.333,1,15,3970.000,4168.966,3958.073,4150.290,D:\Data\2026-4-19\Image_2026-4-19_Img0167.txt
2026-04-19T13:47:29.967,1,14,3970.000,4231.034,3958.846,4213.282,D:\Data\2026-4-19\Image_2026-4-19_Img0168.txt
2026-04-19T13:47:47.924,1,13,3970.000,4293.103,3958.966,4269.366,D:\Data\2026-4-19\Image_2026-4-19_Img0169.txt
2026-04-19T13:48:04.544,1,12,3970.000,4355.172,3958.716,4341.291,D:\Data\2026-4-19\Image_2026-4-19_Img0170.txt
2026-04-19T13:48:19.328,1,11,3970.000,4417.241,3957.645,4398.993,D:\Data\2026-4-19\Image_2026-4-19_Img0171.txt
2026-04-19T13:48:36.279,1,10,3970.000,4479.310,3957.786,4472.098,D:\Data\2026-4-19\Image_2026-4-19_Img0172.txt
2026-04-19T13:48:51.959,1,9,3970.000,4541.379,3957.843,4523.514,D:\Data\2026-4-19\Image_2026-4-19_Img0173.txt
2026-04-19T13:49:09.359,1,8,3970.000,4603.448,3958.544,4583.636,D:\Data\2026-4-19\Image_2026-4-19_Img0174.txt
2026-04-19T13:49:26.312,1,7,3970.000,4665.517,3958.315,4649.922,D:\Data\2026-4-19\Image_2026-4-19_Img0175.txt
2026-04-19T13:49:44.729,1,6,3970.000,4727.586,3959.218,4718.454,D:\Data\2026-4-19\Image_2026-4-19_Img0176.txt
2026-04-19T13:50:01.342,1,5,3970.000,4789.655,3958.260,4769.764,D:\Data\2026-4-19\Image_2026-4-19_Img0177.txt
2026-04-19T13:50:18.527,1,4,3970.000,4851.724,3957.936,4835.579,D:\Data\2026-4-19\Image_2026-4-19_Img0178.txt
2026-04-19T13:50:36.310,1,3,3970.000,4913.793,3958.248,4901.626,D:\Data\2026-4-19\Image_2026-4-19_Img0179.txt
2026-04-19T13:50:54.808,1,2,3970.000,4975.862,3958.266,4970.619,D:\Data\2026-4-19\Image_2026-4-19_Img0180.txt
2026-04-19T13:51:15.019,1,1,3970.000,5037.931,3958.286,5033.708,D:\Data\2026-4-19\Image_2026-4-19_Img0181.txt
2026-04-19T13:51:34.606,1,0,3970.000,5100.000,3957.992,5088.978,D:\Data\2026-4-19\Image_2026-4-19_Img0182.txt
2026-04-19T13:51:51.667,2,0,4040.000,5100.000,4037.198,5090.118,D:\Data\2026-4-19\Image_2026-4-19_Img0183.txt
2026-04-19T13:52:07.472,2,1,4040.000,5037.931,4036.156,5048.287,D:\Data\2026-4-19\Image_2026-4-19_Img0184.txt
2026-04-19T13:52:24.527,2,2,4040.000,4975.862,4035.911,4980.796,D:\Data\2026-4-19\Image_2026-4-19_Img0185.txt
2026-04-19T13:52:40.834,2,3,4040.000,4913.793,4035.980,4919.495,D:\Data\2026-4-19\Image_2026-4-19_Img0186.txt
2026-04-19T13:52:55.524,2,4,4040.000,4851.724,4036.342,4874.954,D:\Data\2026-4-19\Image_2026-4-19_Img0187.txt
2026-04-19T13:53:12.261,2,5,4040.000,4789.655,4036.698,4806.111,D:\Data\2026-4-19\Image_2026-4-19_Img0188.txt
2026-04-19T13:53:28.813,2,6,4040.000,4727.586,4036.427,4742.937,D:\Data\2026-4-19\Image_2026-4-19_Img0189.txt
2026-04-19T13:53:45.799,2,7,4040.000,4665.517,4036.256,4673.114,D:\Data\2026-4-19\Image_2026-4-19_Img0190.txt
2026-04-19T13:54:02.824,2,8,4040.000,4603.448,4036.235,4618.470,D:\Data\2026-4-19\Image_2026-4-19_Img0191.txt
2026-04-19T13:54:20.790,2,9,4040.000,4541.379,4035.906,4558.465,D:\Data\2026-4-19\Image_2026-4-19_Img0192.txt
2026-04-19T13:54:37.150,2,10,4040.000,4479.310,4036.030,4488.024,D:\Data\2026-4-19\Image_2026-4-19_Img0193.txt
2026-04-19T13:54:53.137,2,11,4040.000,4417.241,4036.123,4437.870,D:\Data\2026-4-19\Image_2026-4-19_Img0194.txt
2026-04-19T13:55:08.438,2,12,4040.000,4355.172,4036.217,4375.873,D:\Data\2026-4-19\Image_2026-4-19_Img0195.txt
2026-04-19T13:55:24.430,2,13,4040.000,4293.103,4035.887,4309.241,D:\Data\2026-4-19\Image_2026-4-19_Img0196.txt
2026-04-19T13:55:41.848,2,14,4040.000,4231.034,4034.667,4249.225,D:\Data\2026-4-19\Image_2026-4-19_Img0197.txt
2026-04-19T13:55:56.704,2,15,4040.000,4168.966,4034.480,4189.931,D:\Data\2026-4-19\Image_2026-4-19_Img0198.txt
2026-04-19T13:56:12.952,2,16,4040.000,4106.897,4036.178,4119.147,D:\Data\2026-4-19\Image_2026-4-19_Img0199.txt
2026-04-19T13:56:28.942,2,17,4040.000,4044.828,4036.016,4064.710,D:\Data\2026-4-19\Image_2026-4-19_Img0200.txt
2026-04-19T13:56:45.143,2,18,4040.000,3982.759,4035.607,3992.041,D:\Data\2026-4-19\Image_2026-4-19_Img0201.txt
2026-04-19T13:57:00.994,2,19,4040.000,3920.690,4036.143,3934.686,D:\Data\2026-4-19\Image_2026-4-19_Img0202.txt
2026-04-19T13:57:18.765,2,20,4040.000,3858.621,4034.566,3867.473,D:\Data\2026-4-19\Image_2026-4-19_Img0203.txt
2026-04-19T13:57:36.679,2,21,4040.000,3796.552,4034.468,3810.134,D:\Data\2026-4-19\Image_2026-4-19_Img0204.txt
2026-04-19T13:57:53.696,2,22,4040.000,3734.483,4033.300,3741.801,D:\Data\2026-4-19\Image_2026-4-19_Img0205.txt
2026-04-19T13:58:10.337,2,23,4040.000,3672.414,4035.487,3691.046,D:\Data\2026-4-19\Image_2026-4-19_Img0206.txt
2026-04-19T13:58:27.910,2,24,4040.000,3610.345,4035.330,3616.193,D:\Data\2026-4-19\Image_2026-4-19_Img0207.txt
2026-04-19T13:58:46.122,2,25,4040.000,3548.276,4033.788,3554.190,D:\Data\2026-4-19\Image_2026-4-19_Img0208.txt
2026-04-19T13:59:02.103,2,26,4040.000,3486.207,4034.056,3493.994,D:\Data\2026-4-19\Image_2026-4-19_Img0209.txt
2026-04-19T13:59:19.861,2,27,4040.000,3424.138,4033.435,3444.556,D:\Data\2026-4-19\Image_2026-4-19_Img0210.txt
2026-04-19T13:59:35.270,2,28,4040.000,3362.069,4034.255,3379.716,D:\Data\2026-4-19\Image_2026-4-19_Img0211.txt
2026-04-19T13:59:54.110,2,29,4040.000,3300.000,4032.551,3306.481,D:\Data\2026-4-19\Image_2026-4-19_Img0212.txt
2026-04-19T14:00:11.403,3,29,4110.000,3300.000,4100.788,3303.829,D:\Data\2026-4-19\Image_2026-4-19_Img0213.txt
2026-04-19T14:00:29.262,3,28,4110.000,3362.069,4100.664,3347.026,D:\Data\2026-4-19\Image_2026-4-19_Img0214.txt
2026-04-19T14:00:44.558,3,27,4110.000,3424.138,4101.839,3403.260,D:\Data\2026-4-19\Image_2026-4-19_Img0215.txt
2026-04-19T14:01:01.979,3,26,4110.000,3486.207,4102.785,3474.443,D:\Data\2026-4-19\Image_2026-4-19_Img0216.txt
2026-04-19T14:01:17.739,3,25,4110.000,3548.276,4103.538,3525.915,D:\Data\2026-4-19\Image_2026-4-19_Img0217.txt
2026-04-19T14:01:34.650,3,24,4110.000,3610.345,4100.814,3587.262,D:\Data\2026-4-19\Image_2026-4-19_Img0218.txt
2026-04-19T14:01:50.731,3,23,4110.000,3672.414,4102.062,3650.625,D:\Data\2026-4-19\Image_2026-4-19_Img0219.txt
2026-04-19T14:02:08.069,3,22,4110.000,3734.483,4103.388,3726.412,D:\Data\2026-4-19\Image_2026-4-19_Img0220.txt
2026-04-19T14:02:23.642,3,21,4110.000,3796.552,4103.441,3777.640,D:\Data\2026-4-19\Image_2026-4-19_Img0221.txt
2026-04-19T14:02:41.268,3,20,4110.000,3858.621,4101.451,3851.908,D:\Data\2026-4-19\Image_2026-4-19_Img0222.txt
2026-04-19T14:02:57.618,3,19,4110.000,3920.690,4103.059,3908.573,D:\Data\2026-4-19\Image_2026-4-19_Img0223.txt
2026-04-19T14:03:13.828,3,18,4110.000,3982.759,4099.908,3963.005,D:\Data\2026-4-19\Image_2026-4-19_Img0224.txt
2026-04-19T14:03:31.632,3,17,4110.000,4044.828,4100.124,4037.109,D:\Data\2026-4-19\Image_2026-4-19_Img0225.txt
2026-04-19T14:03:51.236,3,16,4110.000,4106.897,4102.576,4104.518,D:\Data\2026-4-19\Image_2026-4-19_Img0226.txt
2026-04-19T14:04:07.792,3,15,4110.000,4168.966,4102.966,4154.045,D:\Data\2026-4-19\Image_2026-4-19_Img0227.txt
2026-04-19T14:04:23.392,3,14,4110.000,4231.034,4102.147,4214.876,D:\Data\2026-4-19\Image_2026-4-19_Img0228.txt
2026-04-19T14:04:40.582,3,13,4110.000,4293.103,4102.660,4269.578,D:\Data\2026-4-19\Image_2026-4-19_Img0229.txt
2026-04-19T14:04:58.394,3,12,4110.000,4355.172,4102.920,4340.022,D:\Data\2026-4-19\Image_2026-4-19_Img0230.txt
2026-04-19T14:05:14.230,3,11,4110.000,4417.241,4101.544,4401.528,D:\Data\2026-4-19\Image_2026-4-19_Img0231.txt
2026-04-19T14:05:32.608,3,10,4110.000,4479.310,4102.900,4475.977,D:\Data\2026-4-19\Image_2026-4-19_Img0232.txt
2026-04-19T14:05:49.021,3,9,4110.000,4541.379,4101.381,4522.223,D:\Data\2026-4-19\Image_2026-4-19_Img0233.txt
2026-04-19T14:06:07.410,3,8,4110.000,4603.448,4099.867,4587.074,D:\Data\2026-4-19\Image_2026-4-19_Img0234.txt
2026-04-19T14:06:23.945,3,7,4110.000,4665.517,4100.939,4649.158,D:\Data\2026-4-19\Image_2026-4-19_Img0235.txt
2026-04-19T14:06:44.501,3,6,4110.000,4727.586,4101.282,4722.300,D:\Data\2026-4-19\Image_2026-4-19_Img0236.txt
2026-04-19T14:07:01.643,3,5,4110.000,4789.655,4102.798,4772.666,D:\Data\2026-4-19\Image_2026-4-19_Img0237.txt
2026-04-19T14:07:19.954,3,4,4110.000,4851.724,4103.187,4832.539,D:\Data\2026-4-19\Image_2026-4-19_Img0238.txt
2026-04-19T14:07:37.507,3,3,4110.000,4913.793,4099.909,4902.475,D:\Data\2026-4-19\Image_2026-4-19_Img0239.txt
2026-04-19T14:07:56.947,3,2,4110.000,4975.862,4101.361,4968.253,D:\Data\2026-4-19\Image_2026-4-19_Img0240.txt
2026-04-19T14:08:17.996,3,1,4110.000,5037.931,4100.413,5034.795,D:\Data\2026-4-19\Image_2026-4-19_Img0241.txt
2026-04-19T14:27:13.616,3,0,4110.000,5100.000,4103.179,5099.719,D:\Data\2026-4-19\Image_2026-4-19_Img0242.txt
2026-04-19T14:27:31.630,4,0,4180.000,5100.000,4177.340,5100.903,D:\Data\2026-4-19\Image_2026-4-19_Img0243.txt
2026-04-19T14:27:47.871,4,1,4180.000,5037.931,4178.578,5046.784,D:\Data\2026-4-19\Image_2026-4-19_Img0244.txt
2026-04-19T14:28:04.131,4,2,4180.000,4975.862,4178.270,4983.562,D:\Data\2026-4-19\Image_2026-4-19_Img0245.txt
2026-04-19T14:28:19.752,4,3,4180.000,4913.793,4178.059,4928.744,D:\Data\2026-4-19\Image_2026-4-19_Img0246.txt
2026-04-19T14:28:34.642,4,4,4180.000,4851.724,4177.979,4881.467,D:\Data\2026-4-19\Image_2026-4-19_Img0247.txt
2026-04-19T14:28:51.682,4,5,4180.000,4789.655,4177.872,4803.623,D:\Data\2026-4-19\Image_2026-4-19_Img0248.txt
2026-04-19T14:29:08.732,4,6,4180.000,4727.586,4177.449,4746.524,D:\Data\2026-4-19\Image_2026-4-19_Img0249.txt
2026-04-19T14:29:25.286,4,7,4180.000,4665.517,4177.370,4693.063,D:\Data\2026-4-19\Image_2026-4-19_Img0250.txt
2026-04-19T14:29:42.468,4,8,4180.000,4603.448,4177.370,4614.996,D:\Data\2026-4-19\Image_2026-4-19_Img0251.txt
2026-04-19T14:29:59.253,4,9,4180.000,4541.379,4177.314,4562.334,D:\Data\2026-4-19\Image_2026-4-19_Img0252.txt
2026-04-19T14:30:15.298,4,10,4180.000,4479.310,4178.464,4500.811,D:\Data\2026-4-19\Image_2026-4-19_Img0253.txt
2026-04-19T14:30:30.801,4,11,4180.000,4417.241,4177.223,4438.787,D:\Data\2026-4-19\Image_2026-4-19_Img0254.txt
2026-04-19T14:30:46.668,4,12,4180.000,4355.172,4177.257,4371.750,D:\Data\2026-4-19\Image_2026-4-19_Img0255.txt
2026-04-19T14:31:03.849,4,13,4180.000,4293.103,4176.857,4308.074,D:\Data\2026-4-19\Image_2026-4-19_Img0256.txt
2026-04-19T14:31:20.375,4,14,4180.000,4231.034,4177.088,4245.677,D:\Data\2026-4-19\Image_2026-4-19_Img0257.txt
2026-04-19T14:31:35.758,4,15,4180.000,4168.966,4177.176,4180.057,D:\Data\2026-4-19\Image_2026-4-19_Img0258.txt
2026-04-19T14:31:51.836,4,16,4180.000,4106.897,4176.869,4121.250,D:\Data\2026-4-19\Image_2026-4-19_Img0259.txt
2026-04-19T14:32:07.215,4,17,4180.000,4044.828,4176.275,4071.037,D:\Data\2026-4-19\Image_2026-4-19_Img0260.txt
2026-04-19T14:32:23.379,4,18,4180.000,3982.759,4176.022,3989.761,D:\Data\2026-4-19\Image_2026-4-19_Img0261.txt
2026-04-19T14:32:40.004,4,19,4180.000,3920.690,4176.325,3941.364,D:\Data\2026-4-19\Image_2026-4-19_Img0262.txt
2026-04-19T14:32:55.597,4,20,4180.000,3858.621,4176.908,3870.098,D:\Data\2026-4-19\Image_2026-4-19_Img0263.txt
2026-04-19T14:33:13.435,4,21,4180.000,3796.552,4176.728,3805.636,D:\Data\2026-4-19\Image_2026-4-19_Img0264.txt
2026-04-19T14:33:28.749,4,22,4180.000,3734.483,4176.105,3755.847,D:\Data\2026-4-19\Image_2026-4-19_Img0265.txt
2026-04-19T14:33:44.417,4,23,4180.000,3672.414,4176.265,3698.936,D:\Data\2026-4-19\Image_2026-4-19_Img0266.txt
2026-04-19T14:34:01.029,4,24,4180.000,3610.345,4176.413,3617.592,D:\Data\2026-4-19\Image_2026-4-19_Img0267.txt
2026-04-19T14:34:17.924,4,25,4180.000,3548.276,4176.730,3556.700,D:\Data\2026-4-19\Image_2026-4-19_Img0268.txt
2026-04-19T14:34:33.600,4,26,4180.000,3486.207,4176.779,3491.274,D:\Data\2026-4-19\Image_2026-4-19_Img0269.txt
2026-04-19T14:34:49.579,4,27,4180.000,3424.138,4176.755,3446.308,D:\Data\2026-4-19\Image_2026-4-19_Img0270.txt
2026-04-19T14:35:06.188,4,28,4180.000,3362.069,4175.310,3379.003,D:\Data\2026-4-19\Image_2026-4-19_Img0271.txt
2026-04-19T14:35:23.781,4,29,4180.000,3300.000,4176.713,3306.389,D:\Data\2026-4-19\Image_2026-4-19_Img0272.txt
2026-04-19T14:35:40.594,5,29,4250.000,3300.000,4236.047,3307.934,D:\Data\2026-4-19\Image_2026-4-19_Img0273.txt
2026-04-19T14:35:56.772,5,28,4250.000,3362.069,4236.655,3349.564,D:\Data\2026-4-19\Image_2026-4-19_Img0274.txt
2026-04-19T14:36:12.577,5,27,4250.000,3424.138,4236.881,3408.704,D:\Data\2026-4-19\Image_2026-4-19_Img0275.txt
2026-04-19T14:36:30.155,5,26,4250.000,3486.207,4237.673,3474.405,D:\Data\2026-4-19\Image_2026-4-19_Img0276.txt
2026-04-19T14:36:45.712,5,25,4250.000,3548.276,4238.076,3524.489,D:\Data\2026-4-19\Image_2026-4-19_Img0277.txt
2026-04-19T14:37:02.348,5,24,4250.000,3610.345,4238.586,3589.544,D:\Data\2026-4-19\Image_2026-4-19_Img0278.txt
2026-04-19T14:37:18.349,5,23,4250.000,3672.414,4238.870,3649.507,D:\Data\2026-4-19\Image_2026-4-19_Img0279.txt
2026-04-19T14:37:34.940,5,22,4250.000,3734.483,4238.970,3728.562,D:\Data\2026-4-19\Image_2026-4-19_Img0280.txt
2026-04-19T14:37:50.730,5,21,4250.000,3796.552,4238.624,3778.587,D:\Data\2026-4-19\Image_2026-4-19_Img0281.txt
2026-04-19T14:38:07.072,5,20,4250.000,3858.621,4239.012,3845.587,D:\Data\2026-4-19\Image_2026-4-19_Img0282.txt
2026-04-19T14:38:23.100,5,19,4250.000,3920.690,4239.203,3904.989,D:\Data\2026-4-19\Image_2026-4-19_Img0283.txt
2026-04-19T14:38:39.565,5,18,4250.000,3982.759,4239.463,3971.987,D:\Data\2026-4-19\Image_2026-4-19_Img0284.txt
2026-04-19T14:38:55.463,5,17,4250.000,4044.828,4239.065,4032.940,D:\Data\2026-4-19\Image_2026-4-19_Img0285.txt
2026-04-19T14:39:13.904,5,16,4250.000,4106.897,4238.775,4105.396,D:\Data\2026-4-19\Image_2026-4-19_Img0286.txt
2026-04-19T14:39:29.923,5,15,4250.000,4168.966,4239.044,4152.660,D:\Data\2026-4-19\Image_2026-4-19_Img0287.txt
2026-04-19T14:39:45.133,5,14,4250.000,4231.034,4238.827,4218.721,D:\Data\2026-4-19\Image_2026-4-19_Img0288.txt
2026-04-19T14:40:01.509,5,13,4250.000,4293.103,4238.771,4270.344,D:\Data\2026-4-19\Image_2026-4-19_Img0289.txt
2026-04-19T14:40:18.111,5,12,4250.000,4355.172,4237.890,4337.259,D:\Data\2026-4-19\Image_2026-4-19_Img0290.txt
2026-04-19T14:40:33.302,5,11,4250.000,4417.241,4237.493,4400.380,D:\Data\2026-4-19\Image_2026-4-19_Img0291.txt
2026-04-19T14:40:51.662,5,10,4250.000,4479.310,4237.316,4471.947,D:\Data\2026-4-19\Image_2026-4-19_Img0292.txt
2026-04-19T14:41:07.440,5,9,4250.000,4541.379,4238.660,4520.257,D:\Data\2026-4-19\Image_2026-4-19_Img0293.txt
2026-04-19T14:41:24.266,5,8,4250.000,4603.448,4238.478,4580.996,D:\Data\2026-4-19\Image_2026-4-19_Img0294.txt
2026-04-19T14:41:39.868,5,7,4250.000,4665.517,4238.689,4647.509,D:\Data\2026-4-19\Image_2026-4-19_Img0295.txt
2026-04-19T14:41:58.285,5,6,4250.000,4727.586,4238.777,4721.806,D:\Data\2026-4-19\Image_2026-4-19_Img0296.txt
2026-04-19T14:42:13.730,5,5,4250.000,4789.655,4239.041,4763.481,D:\Data\2026-4-19\Image_2026-4-19_Img0297.txt
2026-04-19T14:42:30.675,5,4,4250.000,4851.724,4239.199,4835.566,D:\Data\2026-4-19\Image_2026-4-19_Img0298.txt
2026-04-19T14:42:47.664,5,3,4250.000,4913.793,4238.928,4903.435,D:\Data\2026-4-19\Image_2026-4-19_Img0299.txt
2026-04-19T14:43:04.282,5,2,4250.000,4975.862,4237.328,4962.166,D:\Data\2026-4-19\Image_2026-4-19_Img0300.txt
2026-04-19T14:43:22.239,5,1,4250.000,5037.931,4239.051,5026.005,D:\Data\2026-4-19\Image_2026-4-19_Img0301.txt
2026-04-19T14:43:42.029,5,0,4250.000,5100.000,4237.875,5095.191,D:\Data\2026-4-19\Image_2026-4-19_Img0302.txt
2026-04-19T14:43:59.429,6,0,4320.000,5100.000,4312.539,5097.927,D:\Data\2026-4-19\Image_2026-4-19_Img0303.txt
2026-04-19T14:44:16.220,6,1,4320.000,5037.931,4314.425,5049.267,D:\Data\2026-4-19\Image_2026-4-19_Img0304.txt
2026-04-19T14:44:32.228,6,2,4320.000,4975.862,4312.906,4985.989,D:\Data\2026-4-19\Image_2026-4-19_Img0305.txt
2026-04-19T14:44:48.405,6,3,4320.000,4913.793,4312.094,4916.617,D:\Data\2026-4-19\Image_2026-4-19_Img0306.txt
2026-04-19T14:45:03.640,6,4,4320.000,4851.724,4312.725,4882.796,D:\Data\2026-4-19\Image_2026-4-19_Img0307.txt
2026-04-19T14:45:19.432,6,5,4320.000,4789.655,4311.325,4806.999,D:\Data\2026-4-19\Image_2026-4-19_Img0308.txt
2026-04-19T14:45:36.051,6,6,4320.000,4727.586,4312.228,4746.044,D:\Data\2026-4-19\Image_2026-4-19_Img0309.txt
2026-04-19T14:45:52.814,6,7,4320.000,4665.517,4312.345,4692.464,D:\Data\2026-4-19\Image_2026-4-19_Img0310.txt
2026-04-19T14:46:09.651,6,8,4320.000,4603.448,4311.945,4618.184,D:\Data\2026-4-19\Image_2026-4-19_Img0311.txt
2026-04-19T14:46:26.806,6,9,4320.000,4541.379,4311.145,4564.207,D:\Data\2026-4-19\Image_2026-4-19_Img0312.txt
2026-04-19T14:46:42.185,6,10,4320.000,4479.310,4311.982,4490.709,D:\Data\2026-4-19\Image_2026-4-19_Img0313.txt
2026-04-19T14:46:58.224,6,11,4320.000,4417.241,4311.510,4443.023,D:\Data\2026-4-19\Image_2026-4-19_Img0314.txt
2026-04-19T14:47:14.215,6,12,4320.000,4355.172,4311.183,4372.570,D:\Data\2026-4-19\Image_2026-4-19_Img0315.txt
2026-04-19T14:47:31.221,6,13,4320.000,4293.103,4311.650,4312.338,D:\Data\2026-4-19\Image_2026-4-19_Img0316.txt
2026-04-19T14:47:47.996,6,14,4320.000,4231.034,4311.256,4247.107,D:\Data\2026-4-19\Image_2026-4-19_Img0317.txt
2026-04-19T14:48:03.598,6,15,4320.000,4168.966,4311.458,4187.591,D:\Data\2026-4-19\Image_2026-4-19_Img0318.txt
2026-04-19T14:48:20.151,6,16,4320.000,4106.897,4307.476,4116.260,D:\Data\2026-4-19\Image_2026-4-19_Img0319.txt
2026-04-19T14:48:35.595,6,17,4320.000,4044.828,4307.459,4073.620,D:\Data\2026-4-19\Image_2026-4-19_Img0320.txt
2026-04-19T14:48:52.125,6,18,4320.000,3982.759,4307.630,3992.726,D:\Data\2026-4-19\Image_2026-4-19_Img0321.txt
2026-04-19T14:49:08.577,6,19,4320.000,3920.690,4307.785,3937.355,D:\Data\2026-4-19\Image_2026-4-19_Img0322.txt
2026-04-19T14:49:25.145,6,20,4320.000,3858.621,4308.001,3867.624,D:\Data\2026-4-19\Image_2026-4-19_Img0323.txt
2026-04-19T14:49:43.794,6,21,4320.000,3796.552,4307.825,3809.760,D:\Data\2026-4-19\Image_2026-4-19_Img0324.txt
2026-04-19T14:50:00.554,6,22,4320.000,3734.483,4307.468,3742.390,D:\Data\2026-4-19\Image_2026-4-19_Img0325.txt
2026-04-19T14:50:16.330,6,23,4320.000,3672.414,4307.726,3701.137,D:\Data\2026-4-19\Image_2026-4-19_Img0326.txt
2026-04-19T14:50:33.377,6,24,4320.000,3610.345,4307.579,3618.169,D:\Data\2026-4-19\Image_2026-4-19_Img0327.txt
2026-04-19T14:50:51.733,6,25,4320.000,3548.276,4308.251,3551.574,D:\Data\2026-4-19\Image_2026-4-19_Img0328.txt
2026-04-19T14:51:07.319,6,26,4320.000,3486.207,4308.020,3493.632,D:\Data\2026-4-19\Image_2026-4-19_Img0329.txt
2026-04-19T14:51:24.552,6,27,4320.000,3424.138,4307.826,3442.524,D:\Data\2026-4-19\Image_2026-4-19_Img0330.txt
2026-04-19T14:51:40.533,6,28,4320.000,3362.069,4307.770,3377.393,D:\Data\2026-4-19\Image_2026-4-19_Img0331.txt
2026-04-19T14:51:58.931,6,29,4320.000,3300.000,4307.606,3306.448,D:\Data\2026-4-19\Image_2026-4-19_Img0332.txt
2026-04-19T14:52:15.930,7,29,4390.000,3300.000,4372.667,3302.774,D:\Data\2026-4-19\Image_2026-4-19_Img0333.txt
2026-04-19T14:52:32.707,7,28,4390.000,3362.069,4374.977,3343.780,D:\Data\2026-4-19\Image_2026-4-19_Img0334.txt
2026-04-19T14:52:48.321,7,27,4390.000,3424.138,4374.301,3405.860,D:\Data\2026-4-19\Image_2026-4-19_Img0335.txt
2026-04-19T14:53:06.110,7,26,4390.000,3486.207,4374.857,3473.470,D:\Data\2026-4-19\Image_2026-4-19_Img0336.txt
2026-04-19T14:53:21.522,7,25,4390.000,3548.276,4375.885,3524.038,D:\Data\2026-4-19\Image_2026-4-19_Img0337.txt
2026-04-19T14:53:38.541,7,24,4390.000,3610.345,4375.137,3594.334,D:\Data\2026-4-19\Image_2026-4-19_Img0338.txt
2026-04-19T14:53:54.088,7,23,4390.000,3672.414,4375.228,3651.377,D:\Data\2026-4-19\Image_2026-4-19_Img0339.txt
2026-04-19T14:54:12.722,7,22,4390.000,3734.483,4374.875,3727.991,D:\Data\2026-4-19\Image_2026-4-19_Img0340.txt
2026-04-19T14:54:29.480,7,21,4390.000,3796.552,4375.485,3775.083,D:\Data\2026-4-19\Image_2026-4-19_Img0341.txt
2026-04-19T14:54:46.722,7,20,4390.000,3858.621,4375.549,3856.030,D:\Data\2026-4-19\Image_2026-4-19_Img0342.txt
2026-04-19T14:55:03.712,7,19,4390.000,3920.690,4375.404,3907.408,D:\Data\2026-4-19\Image_2026-4-19_Img0343.txt
2026-04-19T14:55:20.278,7,18,4390.000,3982.759,4375.920,3972.214,D:\Data\2026-4-19\Image_2026-4-19_Img0344.txt
2026-04-19T14:55:36.675,7,17,4390.000,4044.828,4375.612,4035.980,D:\Data\2026-4-19\Image_2026-4-19_Img0345.txt
2026-04-19T14:55:54.059,7,16,4390.000,4106.897,4375.462,4105.131,D:\Data\2026-4-19\Image_2026-4-19_Img0346.txt
2026-04-19T14:56:10.508,7,15,4390.000,4168.966,4374.998,4154.398,D:\Data\2026-4-19\Image_2026-4-19_Img0347.txt
2026-04-19T14:56:26.060,7,14,4390.000,4231.034,4374.433,4211.702,D:\Data\2026-4-19\Image_2026-4-19_Img0348.txt
2026-04-19T14:56:43.906,7,13,4390.000,4293.103,4375.151,4272.639,D:\Data\2026-4-19\Image_2026-4-19_Img0349.txt
2026-04-19T14:57:01.999,7,12,4390.000,4355.172,4375.842,4340.604,D:\Data\2026-4-19\Image_2026-4-19_Img0350.txt
2026-04-19T14:57:17.469,7,11,4390.000,4417.241,4375.915,4400.513,D:\Data\2026-4-19\Image_2026-4-19_Img0351.txt
2026-04-19T14:57:36.218,7,10,4390.000,4479.310,4376.090,4471.396,D:\Data\2026-4-19\Image_2026-4-19_Img0352.txt
2026-04-19T14:57:51.841,7,9,4390.000,4541.379,4375.927,4519.019,D:\Data\2026-4-19\Image_2026-4-19_Img0353.txt
2026-04-19T14:58:09.224,7,8,4390.000,4603.448,4376.034,4584.673,D:\Data\2026-4-19\Image_2026-4-19_Img0354.txt
2026-04-19T14:58:26.229,7,7,4390.000,4665.517,4375.775,4650.787,D:\Data\2026-4-19\Image_2026-4-19_Img0355.txt
2026-04-19T14:58:44.662,7,6,4390.000,4727.586,4376.660,4722.824,D:\Data\2026-4-19\Image_2026-4-19_Img0356.txt
2026-04-19T14:59:00.436,7,5,4390.000,4789.655,4376.582,4767.008,D:\Data\2026-4-19\Image_2026-4-19_Img0357.txt
2026-04-19T14:59:18.204,7,4,4390.000,4851.724,4376.516,4833.352,D:\Data\2026-4-19\Image_2026-4-19_Img0358.txt
2026-04-19T14:59:34.820,7,3,4390.000,4913.793,4376.454,4900.974,D:\Data\2026-4-19\Image_2026-4-19_Img0359.txt
2026-04-19T14:59:51.585,7,2,4390.000,4975.862,4376.688,4960.838,D:\Data\2026-4-19\Image_2026-4-19_Img0360.txt
2026-04-19T15:00:09.188,7,1,4390.000,5037.931,4377.275,5013.110,D:\Data\2026-4-19\Image_2026-4-19_Img0361.txt
2026-04-19T15:00:27.600,7,0,4390.000,5100.000,4377.090,5094.052,D:\Data\2026-4-19\Image_2026-4-19_Img0362.txt
2026-04-19T15:00:45.980,8,0,4460.000,5100.000,4450.174,5094.694,D:\Data\2026-4-19\Image_2026-4-19_Img0363.txt
2026-04-19T15:01:02.036,8,1,4460.000,5037.931,4453.331,5048.917,D:\Data\2026-4-19\Image_2026-4-19_Img0364.txt
2026-04-19T15:01:18.765,8,2,4460.000,4975.862,4452.341,4981.134,D:\Data\2026-4-19\Image_2026-4-19_Img0365.txt
2026-04-19T15:01:35.202,8,3,4460.000,4913.793,4453.104,4921.755,D:\Data\2026-4-19\Image_2026-4-19_Img0366.txt
2026-04-19T15:01:50.580,8,4,4460.000,4851.724,4455.025,4883.416,D:\Data\2026-4-19\Image_2026-4-19_Img0367.txt
2026-04-19T15:02:07.170,8,5,4460.000,4789.655,4455.559,4807.761,D:\Data\2026-4-19\Image_2026-4-19_Img0368.txt
2026-04-19T15:02:23.166,8,6,4460.000,4727.586,4456.043,4738.720,D:\Data\2026-4-19\Image_2026-4-19_Img0369.txt
2026-04-19T15:02:40.006,8,7,4460.000,4665.517,4454.597,4693.528,D:\Data\2026-4-19\Image_2026-4-19_Img0370.txt
2026-04-19T15:02:56.973,8,8,4460.000,4603.448,4456.147,4615.478,D:\Data\2026-4-19\Image_2026-4-19_Img0371.txt
2026-04-19T15:03:13.799,8,9,4460.000,4541.379,4456.397,4555.010,D:\Data\2026-4-19\Image_2026-4-19_Img0372.txt
2026-04-19T15:03:29.565,8,10,4460.000,4479.310,4455.566,4492.774,D:\Data\2026-4-19\Image_2026-4-19_Img0373.txt
2026-04-19T15:03:46.591,8,11,4460.000,4417.241,4457.584,4440.528,D:\Data\2026-4-19\Image_2026-4-19_Img0374.txt
2026-04-19T15:04:02.333,8,12,4460.000,4355.172,4455.862,4372.403,D:\Data\2026-4-19\Image_2026-4-19_Img0375.txt
2026-04-19T15:04:18.351,8,13,4460.000,4293.103,4455.397,4317.267,D:\Data\2026-4-19\Image_2026-4-19_Img0376.txt
2026-04-19T15:04:35.758,8,14,4460.000,4231.034,4455.912,4244.426,D:\Data\2026-4-19\Image_2026-4-19_Img0377.txt
2026-04-19T15:04:51.332,8,15,4460.000,4168.966,4455.336,4194.874,D:\Data\2026-4-19\Image_2026-4-19_Img0378.txt
2026-04-19T15:05:07.940,8,16,4460.000,4106.897,4455.393,4116.844,D:\Data\2026-4-19\Image_2026-4-19_Img0379.txt
2026-04-19T15:05:23.935,8,17,4460.000,4044.828,4456.215,4066.469,D:\Data\2026-4-19\Image_2026-4-19_Img0380.txt
2026-04-19T15:05:40.540,8,18,4460.000,3982.759,4457.638,3996.271,D:\Data\2026-4-19\Image_2026-4-19_Img0381.txt
2026-04-19T15:05:57.343,8,19,4460.000,3920.690,4458.641,3929.862,D:\Data\2026-4-19\Image_2026-4-19_Img0382.txt
2026-04-19T15:06:14.719,8,20,4460.000,3858.621,4457.324,3870.381,D:\Data\2026-4-19\Image_2026-4-19_Img0383.txt
2026-04-19T15:06:33.092,8,21,4460.000,3796.552,4457.335,3810.672,D:\Data\2026-4-19\Image_2026-4-19_Img0384.txt
2026-04-19T15:06:49.942,8,22,4460.000,3734.483,4457.166,3745.312,D:\Data\2026-4-19\Image_2026-4-19_Img0385.txt
2026-04-19T15:07:06.288,8,23,4460.000,3672.414,4457.058,3699.103,D:\Data\2026-4-19\Image_2026-4-19_Img0386.txt
2026-04-19T15:07:22.704,8,24,4460.000,3610.345,4456.558,3615.727,D:\Data\2026-4-19\Image_2026-4-19_Img0387.txt
2026-04-19T15:07:40.924,8,25,4460.000,3548.276,4456.300,3555.688,D:\Data\2026-4-19\Image_2026-4-19_Img0388.txt
2026-04-19T15:07:57.500,8,26,4460.000,3486.207,4455.275,3494.572,D:\Data\2026-4-19\Image_2026-4-19_Img0389.txt
2026-04-19T15:08:15.757,8,27,4460.000,3424.138,4455.249,3444.126,D:\Data\2026-4-19\Image_2026-4-19_Img0390.txt
2026-04-19T15:08:33.106,8,28,4460.000,3362.069,4455.626,3378.247,D:\Data\2026-4-19\Image_2026-4-19_Img0391.txt
2026-04-19T15:08:52.708,8,29,4460.000,3300.000,4454.943,3305.886,D:\Data\2026-4-19\Image_2026-4-19_Img0392.txt
2026-04-19T15:09:10.287,9,29,4530.000,3300.000,4521.605,3305.157,D:\Data\2026-4-19\Image_2026-4-19_Img0393.txt
2026-04-19T15:09:32.113,9,28,4530.000,3362.069,4526.056,3344.152,D:\Data\2026-4-19\Image_2026-4-19_Img0394.txt
2026-04-19T15:09:48.306,9,27,4530.000,3424.138,4526.526,3410.267,D:\Data\2026-4-19\Image_2026-4-19_Img0395.txt
2026-04-19T15:10:06.072,9,26,4530.000,3486.207,4526.703,3474.530,D:\Data\2026-4-19\Image_2026-4-19_Img0396.txt
2026-04-19T15:10:22.054,9,25,4530.000,3548.276,4526.915,3525.832,D:\Data\2026-4-19\Image_2026-4-19_Img0397.txt
2026-04-19T15:10:39.270,9,24,4530.000,3610.345,4525.829,3593.663,D:\Data\2026-4-19\Image_2026-4-19_Img0398.txt
2026-04-19T15:10:56.282,9,23,4530.000,3672.414,4526.541,3652.727,D:\Data\2026-4-19\Image_2026-4-19_Img0399.txt
2026-04-19T15:11:14.686,9,22,4530.000,3734.483,4528.118,3716.603,D:\Data\2026-4-19\Image_2026-4-19_Img0400.txt
2026-04-19T15:11:31.862,9,21,4530.000,3796.552,4527.717,3775.319,D:\Data\2026-4-19\Image_2026-4-19_Img0401.txt
2026-04-19T15:11:48.416,9,20,4530.000,3858.621,4527.839,3835.509,D:\Data\2026-4-19\Image_2026-4-19_Img0402.txt
2026-04-19T15:12:05.446,9,19,4530.000,3920.690,4527.938,3902.577,D:\Data\2026-4-19\Image_2026-4-19_Img0403.txt
2026-04-19T15:12:21.683,9,18,4530.000,3982.759,4527.917,3971.769,D:\Data\2026-4-19\Image_2026-4-19_Img0404.txt
2026-04-19T15:12:38.202,9,17,4530.000,4044.828,4527.838,4037.341,D:\Data\2026-4-19\Image_2026-4-19_Img0405.txt
2026-04-19T15:12:57.045,9,16,4530.000,4106.897,4528.129,4103.943,D:\Data\2026-4-19\Image_2026-4-19_Img0406.txt
2026-04-19T15:13:13.823,9,15,4530.000,4168.966,4527.409,4154.551,D:\Data\2026-4-19\Image_2026-4-19_Img0407.txt
2026-04-19T15:13:30.016,9,14,4530.000,4231.034,4527.634,4216.376,D:\Data\2026-4-19\Image_2026-4-19_Img0408.txt
2026-04-19T15:13:47.222,9,13,4530.000,4293.103,4528.083,4274.863,D:\Data\2026-4-19\Image_2026-4-19_Img0409.txt
2026-04-19T15:14:03.829,9,12,4530.000,4355.172,4528.591,4334.245,D:\Data\2026-4-19\Image_2026-4-19_Img0410.txt
2026-04-19T15:14:20.646,9,11,4530.000,4417.241,4529.312,4401.226,D:\Data\2026-4-19\Image_2026-4-19_Img0411.txt
2026-04-19T15:14:39.206,9,10,4530.000,4479.310,4529.733,4470.053,D:\Data\2026-4-19\Image_2026-4-19_Img0412.txt
2026-04-19T15:14:55.948,9,9,4530.000,4541.379,4529.205,4519.073,D:\Data\2026-4-19\Image_2026-4-19_Img0413.txt
2026-04-19T15:15:13.419,9,8,4530.000,4603.448,4529.373,4583.751,D:\Data\2026-4-19\Image_2026-4-19_Img0414.txt
2026-04-19T15:15:30.992,9,7,4530.000,4665.517,4529.242,4642.982,D:\Data\2026-4-19\Image_2026-4-19_Img0415.txt
2026-04-19T15:15:49.217,9,6,4530.000,4727.586,4529.293,4722.314,D:\Data\2026-4-19\Image_2026-4-19_Img0416.txt
2026-04-19T15:16:05.404,9,5,4530.000,4789.655,4529.378,4765.143,D:\Data\2026-4-19\Image_2026-4-19_Img0417.txt
2026-04-19T15:16:22.567,9,4,4530.000,4851.724,4529.063,4829.387,D:\Data\2026-4-19\Image_2026-4-19_Img0418.txt
2026-04-19T15:16:39.615,9,3,4530.000,4913.793,4526.666,4904.844,D:\Data\2026-4-19\Image_2026-4-19_Img0419.txt
2026-04-19T15:16:56.389,9,2,4530.000,4975.862,4527.253,4961.302,D:\Data\2026-4-19\Image_2026-4-19_Img0420.txt
2026-04-19T15:17:14.999,9,1,4530.000,5037.931,4529.127,5025.927,D:\Data\2026-4-19\Image_2026-4-19_Img0421.txt
2026-04-19T15:17:35.338,9,0,4530.000,5100.000,4529.166,5099.075,D:\Data\2026-4-19\Image_2026-4-19_Img0422.txt
2026-04-19T15:17:51.615,10,0,4600.000,5100.000,4595.456,5097.055,D:\Data\2026-4-19\Image_2026-4-19_Img0423.txt
2026-04-19T15:18:08.200,10,1,4600.000,5037.931,4588.647,5047.394,D:\Data\2026-4-19\Image_2026-4-19_Img0424.txt
2026-04-19T15:18:23.948,10,2,4600.000,4975.862,4589.181,4980.111,D:\Data\2026-4-19\Image_2026-4-19_Img0425.txt
2026-04-19T15:18:39.342,10,3,4600.000,4913.793,4591.241,4923.760,D:\Data\2026-4-19\Image_2026-4-19_Img0426.txt
2026-04-19T15:18:54.490,10,4,4600.000,4851.724,4591.471,4881.175,D:\Data\2026-4-19\Image_2026-4-19_Img0427.txt
2026-04-19T15:19:11.144,10,5,4600.000,4789.655,4590.806,4805.777,D:\Data\2026-4-19\Image_2026-4-19_Img0428.txt
2026-04-19T15:19:27.548,10,6,4600.000,4727.586,4591.326,4743.668,D:\Data\2026-4-19\Image_2026-4-19_Img0429.txt
2026-04-19T15:19:43.541,10,7,4600.000,4665.517,4590.286,4695.255,D:\Data\2026-4-19\Image_2026-4-19_Img0430.txt
2026-04-19T15:20:00.757,10,8,4600.000,4603.448,4589.968,4612.542,D:\Data\2026-4-19\Image_2026-4-19_Img0431.txt
2026-04-19T15:20:17.140,10,9,4600.000,4541.379,4589.939,4564.042,D:\Data\2026-4-19\Image_2026-4-19_Img0432.txt
2026-04-19T15:20:33.172,10,10,4600.000,4479.310,4589.295,4500.061,D:\Data\2026-4-19\Image_2026-4-19_Img0433.txt
2026-04-19T15:20:49.522,10,11,4600.000,4417.241,4589.658,4440.703,D:\Data\2026-4-19\Image_2026-4-19_Img0434.txt
2026-04-19T15:21:05.307,10,12,4600.000,4355.172,4589.523,4370.702,D:\Data\2026-4-19\Image_2026-4-19_Img0435.txt
2026-04-19T15:21:23.513,10,13,4600.000,4293.103,4590.217,4315.203,D:\Data\2026-4-19\Image_2026-4-19_Img0436.txt
2026-04-19T15:21:40.725,10,14,4600.000,4231.034,4589.897,4246.828,D:\Data\2026-4-19\Image_2026-4-19_Img0437.txt
2026-04-19T15:21:56.538,10,15,4600.000,4168.966,4588.739,4191.071,D:\Data\2026-4-19\Image_2026-4-19_Img0438.txt
2026-04-19T15:22:12.884,10,16,4600.000,4106.897,4588.742,4114.616,D:\Data\2026-4-19\Image_2026-4-19_Img0439.txt
2026-04-19T15:22:29.717,10,17,4600.000,4044.828,4588.776,4059.220,D:\Data\2026-4-19\Image_2026-4-19_Img0440.txt
2026-04-19T15:22:46.076,10,18,4600.000,3982.759,4588.082,3995.349,D:\Data\2026-4-19\Image_2026-4-19_Img0441.txt
2026-04-19T15:23:03.126,10,19,4600.000,3920.690,4587.904,3935.615,D:\Data\2026-4-19\Image_2026-4-19_Img0442.txt
2026-04-19T15:23:20.260,10,20,4600.000,3858.621,4587.918,3867.739,D:\Data\2026-4-19\Image_2026-4-19_Img0443.txt
2026-04-19T15:23:38.227,10,21,4600.000,3796.552,4588.175,3811.471,D:\Data\2026-4-19\Image_2026-4-19_Img0444.txt
2026-04-19T15:23:55.302,10,22,4600.000,3734.483,4588.663,3745.231,D:\Data\2026-4-19\Image_2026-4-19_Img0445.txt
2026-04-19T15:24:11.487,10,23,4600.000,3672.414,4588.030,3695.741,D:\Data\2026-4-19\Image_2026-4-19_Img0446.txt
2026-04-19T15:24:28.440,10,24,4600.000,3610.345,4588.251,3621.876,D:\Data\2026-4-19\Image_2026-4-19_Img0447.txt
2026-04-19T15:24:46.660,10,25,4600.000,3548.276,4588.044,3555.445,D:\Data\2026-4-19\Image_2026-4-19_Img0448.txt
2026-04-19T15:25:05.873,10,26,4600.000,3486.207,4588.416,3493.236,D:\Data\2026-4-19\Image_2026-4-19_Img0449.txt
2026-04-19T15:25:23.081,10,27,4600.000,3424.138,4588.191,3447.016,D:\Data\2026-4-19\Image_2026-4-19_Img0450.txt
2026-04-19T15:25:39.856,10,28,4600.000,3362.069,4587.898,3381.423,D:\Data\2026-4-19\Image_2026-4-19_Img0451.txt
2026-04-19T15:25:59.470,10,29,4600.000,3300.000,4588.193,3300.219,D:\Data\2026-4-19\Image_2026-4-19_Img0452.txt
